{"cameraMode":{"drawMode":0,"name":"Shaded","section":"Shading Mode"},"sceneLighting":true,"audioPlay":false,"sceneViewState":{"showFog":true,"showMaterialUpdate":false,"showSkybox":true,"showFlares":true,"showImageEffects":true,"showParticleSystems":true},"in2DMode":false,"pivot":{"x":-46.451541900634769,"y":0.6534333229064941,"z":-0.809394121170044},"rotation":{"x":0.21319368481636048,"y":0.5443230271339417,"z":-0.1453848034143448,"w":0.7982016801834106},"size":5.524717330932617,"orthographic":false}